<?xml version="1.0" encoding="utf-8"?>

<playlist version="1" xmlns="http://xspf.org/ns/0/">
	<trackList>
        <track>
			<title>Fifth Form</title>
			<videotype>Feature</videotype>
			<location>/media/Photon_fifthform_trailer.flv</location>
			<thumbnail>films_form.jpg</thumbnail>
		</track>
		<track>
			<title>Four Cups of Joe</title>
			<videotype>Short</videotype>
			<location>/media/Photon_four_cups.flv</location>
			<thumbnail>films_joe.jpg</thumbnail>
		</track>
		<track>
			<title>Zero</title>
			<videotype>Feature</videotype>
			<location>/media/Photon_zero_teaser.flv</location>
			<thumbnail>films_zero.jpg</thumbnail>
		</track>
	</trackList>
</playlist>