<?xml version="1.0" encoding="utf-8"?>

<playlist version="1" xmlns="http://xspf.org/ns/0/">
	<trackList>
        <track>
			<title>Sterling Organically Grown Grapes</title>
			<location>/media/Sterling.flv</location>
			<thumbnail>main_home1.jpg</thumbnail>
		</track>
		<track>
			<title>Intel - Solar Powered Gateway</title>
			<location>/media/Intel_solar_gateway_master.flv</location>
			<thumbnail>main_home2.jpg</thumbnail>
		</track>
		<track>
			<title>Four Cups of Joe</title>
			<location>/media/Photon_four_cups.flv</location>
			<thumbnail>main_home3.jpg</thumbnail>
		</track>
		<track>
			<title>Socratic Arts - Deloitte Tax Experts</title>
			<location>/media/Socratic_Arts_Deloitte_tax.flv</location>
			<thumbnail>main_home4.jpg</thumbnail>
		</track>			
		<track>
			<title>Apple - iPhone Moments</title>
			<location>/media/Apple_iPhone_moments_leah_buley.flv</location>
			<thumbnail>main_home5.jpg</thumbnail>
		</track>
		<track>
			<title>Bart - "Train Talk"</title>
			<location>/media/BART_Train_Talk.flv</location>
			<thumbnail>main_home6.jpg</thumbnail>
		</track>
		<track>
			<title>Intel - Sailing</title>
			<location>/media/intel_sailing.flv</location>
			<thumbnail>main_home7.jpg</thumbnail>
		</track>
		<track>
			<title>Apple - Quick Tips #10</title>
			<location>/media/Apple_20_Advance_Find_in_Finder.flv</location>
			<thumbnail>main_home8.jpg</thumbnail>
		</track>
		<track>
			<title>Bell - True Fit</title>
			<location>/media/Bell_true_fit.flv</location>
			<thumbnail>main_home9.jpg</thumbnail>
		</track>
		<track>
			<title>Corning - Possibilities Made Real</title>
			<location>/media/Corning.flv</location>
			<thumbnail>main_home10.jpg</thumbnail>
		</track>
		<track>
			<title>Socratic Arts - iSing Dramatics</title>
			<location>/media/Socratic_Arts_iSing.flv</location>
			<thumbnail>main_home11.jpg</thumbnail>
		</track>
		<track>
			<title>Zero</title>
			<location>/media/Photon_zero_teaser.flv</location>
			<thumbnail>main_home12.jpg</thumbnail>
		</track>
		<track>
			<title>Fifth Form</title>
			<location>/media/Photon_fifth_form_trailer.flv</location>
			<thumbnail>main_home13.jpg</thumbnail>
		</track>
	</trackList>
</playlist>