<?xml version="1.0" encoding="utf-8"?>

<playlist version="1" xmlns="http://xspf.org/ns/0/">
	<trackList>
        <track>
			<title>Corning - "Possibilities Made Real"</title>
			<videotype>Communications</videotype>
			<location>/media/Corning.flv</location>
			<thumbnail>motion_corning.jpg</thumbnail>
		</track>
		<track>
			<title>ArcSight - State of Cybercrime</title>
			<videotype>Event Video</videotype>
			<location>/media/ArcSight_cybercrime.flv</location>
			<thumbnail>motion_arc.jpg</thumbnail>
		</track>
		<track>
			<title>Sandisk - Fanfare</title>
			<videotype>Product Launch</videotype>
			<location>/media/SanDisk_fanfare.flv</location>
			<thumbnail>motion_sandisk.jpg</thumbnail>
		</track>
		<track>
			<title>San Jose Tech Museum</title>
			<videotype>TV Commercial</videotype>
			<location>/media/SJ_Tech_Museum.flv</location>
			<thumbnail>motion_leonardo.jpg</thumbnail>
		</track>
		<track>
			<title>Alta Devices - Solar Panels</title>
			<videotype>Industrial</videotype>
			<location>/media/Alta_Devices_solar.flv</location>
			<thumbnail>motion_altaDevices.jpg</thumbnail>
		</track>
		<track>
			<title>Akizmik</title>
			<videotype>Splash Animation</videotype>
			<location>/media/Akizmik.flv</location>
			<thumbnail>motion_akizmik.jpg</thumbnail>
		</track>
		<track>
			<title>Lahlouh</title>
			<videotype>Communications</videotype>
			<location>/media/Lahlouh.flv</location>
			<thumbnail>motion_lahlouh.jpg</thumbnail>
		</track>
		<track>
			<title>BBBS - Dawn &amp; Olivia</title>
			<videotype>Event Video</videotype>
			<location>/media/BBBS_Dawn_Olivia.flv</location>
			<thumbnail>motion_dawn.jpg</thumbnail>
		</track>
		<track>
			<title>Catapult - Savasa</title>
			<videotype>Web Commercial</videotype>
			<location>/media/Catapult_savasa.flv</location>
			<thumbnail>motion_savasa.jpg</thumbnail>
		</track>
	</trackList>
</playlist>