<?xml version="1.0" encoding="utf-8"?>

<playlist version="1" xmlns="http://xspf.org/ns/0/">
	<trackList>
        <track>
			<title>Bell - True Fit</title>
			<videotype>TV Commercial</videotype>
			<location>/media/Bell_true_fit.flv</location>
			<thumbnail>post_true.jpg</thumbnail>
		</track>
		<track>
			<title>OWC - VA Blind Center</title>
			<videotype>Communications</videotype>
			<location>/media/VA_blind_center.flv</location>
			<thumbnail>post_va.jpg</thumbnail>
		</track>
		<track>
			<title>Bart - A Visitor from Delhi</title>
			<videotype>TV Commercial</videotype>
			<location>/media/BART_A_Visitor_From_Delhi.flv</location>
			<thumbnail>post_delhi.jpg</thumbnail>
		</track>
		<track>
			<title>Bart - "Train Talk"</title>
			<videotype>TV Commercial</videotype>
			<location>/media/BART_train_talk.flv</location>
			<thumbnail>post_bart.jpg</thumbnail>
		</track>
		<track>
			<title>Marin Century</title>
			<videotype>TV Commercial</videotype>
			<location>/media/Marin_Century_2008.flv</location>
			<thumbnail>post_marin.jpg</thumbnail>
		</track>
		<track>
			<title>Seagate</title>
			<videotype>Product Launch</videotype>
			<location>/media/Seagate.flv</location>
			<thumbnail>post_seagate.jpg</thumbnail>
		</track>
		<track>
			<title>Lahlouh</title>
			<videotype>Communications</videotype>
			<location>/media/Lahlouh.flv</location>
			<thumbnail>post_lahlouh.jpg</thumbnail>
		</track>
		<track>
			<title>Adobe - CS3 Launch</title>
			<videotype>Product Launch</videotype>
			<location>/media/Adobe_CS3.flv</location>
			<thumbnail>post_cs3.jpg</thumbnail>
		</track>
		<track>
			<title>Montecito Bank - Sam &amp; Monica</title>
			<videotype>TV Commercial</videotype>
			<location>/media/Montecito_Sam_Monica.flv</location>
			<thumbnail>post_montecito.jpg</thumbnail>
		</track>
	</trackList>
</playlist>