<?xml version="1.0" encoding="utf-8"?>

<playlist version="1" xmlns="http://xspf.org/ns/0/">
	<trackList>
        <track>
			<title>Socratic Arts - iSing Dramatics</title>
			<videotype>Educational</videotype>
			<location>/media/Socratic_Arts_iSing.flv</location>
			<thumbnail>production_socratic.jpg</thumbnail>
		</track>
		<track>
			<title>Sterling Organically Grown Grapes</title>
			<videotype>Communications</videotype>
			<location>/media/Sterling.flv</location>
			<thumbnail>production_sterling.jpg</thumbnail>
		</track>
		<track>
			<title>Intel - Sailing</title>
			<videotype>Communications</videotype>
			<location>/media/Intel_sailing.flv</location>
			<thumbnail>production_sailing.jpg</thumbnail>
		</track>
		<track>
			<title>Apple - iPhone Moments</title>
			<videotype>Web Video/Educational</videotype>
			<location>/media/Apple_iPhone_moments_leah_buley.flv</location>
			<thumbnail>production_iphone.jpg</thumbnail>
		</track>
		<track>
			<title>Exploratorium</title>
			<videotype>Event Video</videotype>
			<location>/media/Exploratorium.flv</location>
			<thumbnail>production_exploratorium.jpg</thumbnail>
		</track>
		<track>
			<title>Socratic Arts - Deloitte Tax Experts</title>
			<videotype>Education</videotype>
			<location>/media/Socratic_Arts_deloitte_tax.flv</location>
			<thumbnail>production_deloitte.jpg</thumbnail>
		</track>
		<track>
			<title>Intel - Solar Powered Gateway</title>
			<videotype>Communications</videotype>
			<location>/media/Intel_solar_gateway_master.flv</location>
			<thumbnail>production_solar.jpg</thumbnail>
		</track>
		<track>
			<title>The Balance Company</title>
			<videotype></videotype>
			<location>/media/Balance_Company.flv</location>
			<thumbnail>production_balance.jpg</thumbnail>
		</track>
		<track>
			<title>Apple - Quick Tips #10</title>
			<videotype>Web Video/Educational</videotype>
			<location>/media/Apple_20_advance_find_in_finder.flv</location>
			<thumbnail>production_quick.jpg</thumbnail>
		</track>
	</trackList>
</playlist>